Workbook
Name ACTION: #REF!

Sheet Cover
C2: TEST CASE
B4: Project Name | C4: <Project Name> | F4: Creator
B5: Project Code | C5: <Project Code> | F5: Reviewer/Approver
B6: Document Code | C6: =C5&"_"&"XXX"&"_"&"vx.x" -> <Project Code>_XXX_vx.x | F6: Issue Date
F7: Version
B10: Record of change
B11: Effective Date | C11: Version | D11: Change Item | E11: *A,D,M | F11: Change description | G11: Reference
B12: <Date when these changes are effective> | G12: <List of documents which are referred in this version.>

Sheet Test case List
D1: TEST CASE LIST
B3: Project Name | D3: =Cover!C4 -> <Project Name>
B4: Project Code | D4: =Cover!C5 -> <Project Code>
B5: Test Environment Setup Description | D5: <List enviroment requires in this system 1. Server 2. Database 3. Web Browser ... >
B8: No | C8: Function Name | D8: Sheet Name | E8: Description | F8: Pre-Condition
B9: 1 | C9: Login | D9: Module1
B10: 2 | C10: ShoppingCart | D10: Module2
B11: 3 | C11: Order payment | D11: Module3

Sheet Module1
A2: Module Code | B2: Module1 | J2: Pass
A3: Test requirement | B3: <Brief description about requirements which are tested in this sheet> | J3: Fail
A4: Tester
A5: Pass | B5: Fail | C5: Untested | D5: N/A | E5: Number of Test cases | J5: Untesed
A6: =COUNTIF(F9:F997,"Pass") -> 10 | B6: =COUNTIF(F9:F997,"Fail") -> 0 | C6: =E6-D6-B6-A6 -> 0 | D6: =COUNTIF(F$9:F$997,"N/A") -> 1 | E6: 11 | J6: N/A
A8: ID | B8: Test Case Description | C8: Test Case Procedure | D8: Expected Output | E8: Test data | F8: Result | G8: Test data | H8: Description
A9: TC_LOGIN_01 | B9: Login with valid customer username and valid password | C9: 1. Open Login page 2. Enter valid customer username 3. Enter valid password 4. Click Login | D9: User logs in successfully and is redirected to customer dashboard | E9: TestData01 | F9: Pass | G9: TestDataModule1
A10: TC_LOGIN_02 | B10: Login with valid admin username and valid password | C10: 1. Open Login page 2. Enter valid admin username 3. Enter valid password 4. Click Login | D10: 1. Open Login page 2. Enter valid admin username 3. Enter valid password 4. Click Login | E10: TestData02 | F10: N/A | G10: TestDataModule1
A11: TC_LOGIN_03 | B11: Verify system redirects user to correct page after login | C11: 1. Login with valid credentials | D11: User is redirected to correct page based on role | E11: TestData03 | F11: Pass | G11: TestDataModule1
A12: TC_LOGIN_04 | B12: Login with invalid username and invalid password | C12: 1. Open Login page 2. Enter invalid username 3. Enter invalid password 4. Click Login | D12: Login fails and error message is displayed | E12: TestData04 | F12: Pass | G12: TestDataModule1
A13: TC_LOGIN_05 | B13: Verify error message is displayed when login fails | C13: 1. Login with invalid credentials | D13: Appropriate error message is displayed | E13: TestData05 | F13: Pass | G13: TestDataModule1
A14: TC_LOGIN_06 | B14: Login with empty username or password field | C14: 1. Open Login page 2. Leave username or password empty 3. Click Login | D14: Validation message is displayed | E14: TestData06 | F14: Pass | G14: TestDataModule1
A15: TC_LOGIN_07 | B15: Verify password characters are masked during input | C15: 1. Open Login page 2. Enter password -> Click Login | D15: Password characters are displayed as dots or asterisks | E15: TestData07 | F15: Pass | G15: TestDataModule1
A16: TC_LOGIN_08 | B16: Verify password is not displayed in plain text after typing | C16: 1. Enter password in password field | D16: Password is hidden and not readable | E16: TestData08 | F16: Pass | G16: TestDataModule1
A17: TC_LOGOUT_01 | B17: Logout successfully from the system | C17: 1. Open Login page 2. Enter valid username password 3. Click Login 4. Click Logout | D17: User is logged out and redirected to login page | E17: TestData09 | F17: Pass | G17: TestDataModule1
A18: TC_LOGOUT_02 | B18: Verify session/token is cleared after logout | C18: 1. Open Login page 2. Enter valid username password 3. Click Login 4. Click Logout | D18: Session/token is cleared | E18: TestData10 | F18: Pass | G18: TestDataModule1
A19: TC_LOGOUT_03 | B19: Verify user cannot access protected pages after logout | C19: 1. Open Login page 2. Enter valid username password 3. Click Login 4. Click Logout | D19: User is redirected to login page | E19: TestData11 | F19: Pass | G19: TestDataModule1

Sheet TestDataModule1
A1: Test Data ID | B1: Username | C1: Password | D1: Role | E1: Email | F1: Account Status
A2: TestData01 | B2: customer01 | C2: cust@123 | D2: Customer | E2: customer01@mail.com | F2: Active
A3: TestData02 | B3: admin01 | C3: admin@123 | D3: Admin | E3: admin01@mail.com | F3: Active
A4: TestData03 | B4: customer02 | C4: cust@456 | D4: Customer | E4: customer02@mail.com | F4: Active
A5: TestData04 | B5: invalidUser | C5: wrong@123 | D5: N/A | E5: N/A | F5: N/A
A6: TestData05 | B6: customer01 | C6: wrong@123 | D6: Customer | E6: customer01@mail.com | F6: Active
A7: TestData06 | B7: customer01 | C7: (empty) | D7: Customer | E7: customer01@mail.com | F7: Active
A8: TestData07 | B8: customer01 | C8: secret123 | D8: Customer | E8: customer01@mail.com | F8: Active
A9: TestData08 | B9: customer01 | C9: secret123 | D9: Customer | E9: customer01@mail.com | F9: Active
A10: TestData09 | B10: customer01 | C10: cust@123 | D10: Customer | E10: customer01@mail.com | F10: Active
A11: TestData10 | B11: customer01 | C11: cust@123 | D11: Customer | E11: customer01@mail.com | F11: Active
A12: TestData11 | B12: customer01 | C12: cust@123 | D12: Customer | E12: customer01@mail.com | F12: Active

Sheet Module2
A2: Module Code | B2: Module1 | J2: Pass
A3: Test requirement | B3: <Brief description about requirements which are tested in this sheet> | J3: Fail
A4: Tester
A5: Pass | B5: Fail | C5: Untested | D5: N/A | E5: Number of Test cases | J5: Untesed
A6: =COUNTIF(F9:F997,"Pass") -> 0 | B6: =COUNTIF(F9:F997,"Fail") -> 0 | C6: =E6-D6-B6-A6 -> 11 | D6: =COUNTIF(F$9:F$997,"N/A") -> 0 | E6: 11 | J6: N/A
A8: ID | B8: Test Case Description | C8: Test Case Procedure | D8: Expected Output | E8: Test data | F8: Result | G8: Test data | H8: Description

Sheet Module3
A2: Module Code | B2: Module1 | J2: Pass
A3: Test requirement | B3: <Brief description about requirements which are tested in this sheet> | J3: Fail
A4: Tester
A5: Pass | B5: Fail | C5: Untested | D5: N/A | E5: Number of Test cases | J5: Untesed
A6: =COUNTIF(F9:F998,"Pass") -> 0 | B6: =COUNTIF(F9:F998,"Fail") -> 0 | C6: =E6-D6-B6-A6 -> 7 | D6: =COUNTIF(F$9:F$998,"N/A") -> 0 | E6: =COUNTA(A9:A998) -> 7 | J6: N/A
A8: ID | B8: Test Case Description | C8: Test Case Procedure | D8: Expected Output | E8: Test data | F8: Result | G8: Test data | H8: Description
A9: CusList-001 | B9: Query VIP customer list from database (table 1) | C9: 1. Login the system with Manager role. 2. Click [Search] button in the left side of home screen. 3. On [Query] dialog, select [VIP] in [Customer Type] combobox 4. Click [Search] button | D9: 4. List with 10 VIP customers is displayed on [Query] dialog | E9: TestData01 | G9: TestData01 | H9: In database, table 1 [CustomerVIP] have more than 10 records
A10: CusList-001 | B10: Query Member customer list from database (table 2) | C10: 1. Login the system with Manager role. 2. Click [Search] button in the left side of home screen. 3. On [Query] dialog, select [Member] in [Customer Type] combobox 4. Click [Search] button | D10: 4. List with 50 Members customer is displayed on [Query] dialog | E10: TestData02 | G10: TestData02 | H10: In database, table 2 [CustomerMember] have more than 50 records
A11: =IF(OR(B11<>"",D11<>""),"["&TEXT($B$2,"##")&"-"&TEXT(ROW()-10,"##")&"]","") -> [Module1 -1] | B11: <Test case 2>
A12: =IF(OR(B12<>"",D12<>""),"["&TEXT($B$2,"##")&"-"&TEXT(ROW()-10,"##")&"]","") -> [Module1 -2] | B12: <Test case 3>
B13: Function B
A14: =IF(OR(B14<>"",D14<>""),"["&TEXT($B$2,"##")&"-"&TEXT(ROW()-11,"##")&"]","") -> [Module1 -3] | B14: <Test case 4>
A15: =IF(OR(B15<>"",D15<>""),"["&TEXT($B$2,"##")&"-"&TEXT(ROW()-11,"##")&"]","") -> [Module1 -4] | B15: <Test case 5>
B16: Function C
A17: =IF(OR(B17<>"",D17<>""),"["&TEXT($B$2,"##")&"-"&TEXT(ROW()-12,"##")&"]","") -> [Module1 -5] | B17: <Test case 6>

Sheet Test Report
B1: TEST REPORT
B3: Project Name | C3: <Project Name> | E3: Creator
B4: Project Code | C4: <Project Code> | E4: Reviewer/Approver
B5: Document Code | C5: =C4&"_"&"Test Report"&"_"&"vx.x" -> <Project Code>_Test Report_vx.x | E5: Issue Date | H5: <Date when this test report is created>
B6: Notes | C6: <List modules included in this release> ex: Release 1 includes 2 modules: Module1 and Module2
B10: No | C10: Module code | D10: Pass | E10: Fail | F10: Untested | G10: N/A | H10: Number of test cases
B11: 1 | C11: =Module1!B2 -> Module1 | D11: =Module1!A6 -> 10 | E11: =Module1!B6 -> 0 | F11: =Module1!C6 -> 0 | G11: =Module1!D6 -> 1 | H11: =Module1!E6 -> 11
B12: 2 | C12: =#REF! -> #REF! | D12: =#REF! -> #REF! | E12: =#REF! -> #REF! | F12: =#REF! -> #REF! | G12: =#REF! -> #REF! | H12: =#REF! -> #REF!
C14: Sub total | D14: =SUM(D9:D13) -> #REF! | E14: =SUM(E9:E13) -> #REF! | F14: =SUM(F9:F13) -> #REF! | G14: =SUM(G9:G13) -> #REF! | H14: =SUM(H9:H13) -> #REF!
C16: Test coverage | E16: =(D14+E14)*100/(H14-G14) -> #REF! | F16: %
C17: Test successful coverage | E17: =D14*100/(H14-G14) -> #REF! | F17: %
