Workbook
Name ACTION: #REF!

Sheet Cover
C2: TEST CASE
B4: Project Name | C4: <Project Name> | F4: Creator
B5: Project Code | C5: <Project Code> | F5: Reviewer/Approver
B6: Document Code | C6: =C5&"_"&"XXX"&"_"&"vx.x" -> <Project Code>_XXX_vx.x | F6: Issue Date
F7: Version
B10: Record of change
B11: Effective Date | C11: Version | D11: Change Item | E11: *A,D,M | F11: Change description | G11: Reference
B12: <Date when these changes are effective> | G12: <List of documents which are referred in this version.>

Sheet Test case List
D1: TEST CASE LIST
B3: Project Name | D3: =Cover!C4 -> <Project Name>
B4: Project Code | D4: =Cover!C5 -> <Project Code>
B5: Test Environment Setup Description | D5: <List enviroment requires in this system 1. Server 2. Database 3. Web Browser ... >
B8: No | C8: Function Name | D8: Sheet Name | E8: Description | F8: Pre-Condition
B9: 1 | C9: Browser Compatibility | D9: Module1
B10: 2 | C10: OS Compatibility | D10: Module2
D11: Module3

Sheet Module1
A2: Module Code | B2: Module1 | I2: Pass
A3: Test requirement | B3: <Brief description about requirements which are tested in this sheet> | I3: Fail
A4: Tester
A5: Pass | B5: Fail | C5: Untested | D5: N/A | E5: Number of Test cases | I5: Untesed
A6: =COUNTIF(G9:G992,"Pass") -> 7 | B6: =COUNTIF(G9:G992,"Fail") -> 0 | C6: =E6-D6-B6-A6 -> 0 | D6: =COUNTIF(G$9:G$992,"N/A") -> 0 | E6: 7 | I6: N/A
A8: ID | B8: Test Case Description | C8: Pre-condition | D8: Test Case Procedure | E8: Expected Output | F8: Test data | G8: Result | H8: Test data | I8: Test data | J8: Environment Data | K8: Description
A9: TC_BC_01 | B9: Verify website layout on Chrome | C9: App deployed, Chrome installed | D9: 1. Open the Homepage on the target environment. 2. Scroll from top to bottom. 3. Resize browser window (if applicable). 4. Check alignment of Header, Footer, and Body sections. | E9: Layout displayed correctly | F9: testdata01 | G9: Pass | H9: testdata | I9: Browser: Chrome | J9: Browser: Chrome
A10: TC_BC_02 | B10: Verify website layout on Safari | C10: App deployed, Safari installed | D10: 1. Open the Homepage on the target environment. 2. Scroll from top to bottom. 3. Resize browser window (if applicable). 4. Check alignment of Header, Footer, and Body sections. | E10: Layout displayed correctly | F10: testdata02 | G10: Pass | H10: testdata | I10: Browser: Safari | J10: Browser: Safari
A11: TC_BC_03 | B11: Verify website layout on Edge | C11: App deployed, Edge installed | D11: 1. Open the Homepage on the target environment. 2. Scroll from top to bottom. 3. Resize browser window (if applicable). 4. Check alignment of Header, Footer, and Body sections. | E11: Layout displayed correctly | F11: testdata03 | G11: Pass | H11: testdata | I11: Browser: Edge | J11: Browser: Edge
A12: TC_BC_04 | B12: Verify login on all browsers | C12: User exists | D12: 1. Navigate to the Login page. 2. Enter valid Username. 3. Enter valid Password. 4. Click the 'Login' button. | E12: Login successful | F12: testdata04 | G12: Pass | H12: testdata | I12: Chrome, Safari, Edge | J12: Chrome, Safari, Edge
A13: TC_BC_05 | B13: Verify add to cart on all browsers | C13: User logged in | D13: 1. Go to the Product Listing page. 2. Click on a specific product image. 3. Verify Product Detail page loads. 4. Click the 'Add to Cart' button. | E13: Item added successfully | F13: testdata05 | G13: Pass | H13: testdata | I13: Chrome, Safari, Edge | J13: Chrome, Safari, Edge
A14: TC_BC_06 | B14: Verify payment on all browsers | C14: Cart has items | D14: 1. Click on the Cart icon to view cart. 2. Click the 'Checkout' button. 3. Enter valid Shipping Information. 4. Enter valid Payment details. 5. Click 'Place Order' (or Pay). | E14: Payment successful | F14: testdata06 | G14: Pass | H14: testdata | I14: Chrome, Safari, Edge | J14: Chrome, Safari, Edge
A15: TC_BC_07 | B15: Verify UI consistency across browsers | C15: App accessible | D15: 1. Navigate through Home, Product, and Cart pages. 2. Observe the Font style and Font size. 3. Check Icon alignment and resolution. 4. Compare visual elements against the Design System (or Baseline). | E15: UI consistent | F15: testdata07 | G15: Pass | H15: testdata | I15: Chrome, Safari, Edge | J15: Chrome, Safari, Edge

Sheet Module2
A2: Module Code | B2: Module1 | I2: Pass
A3: Test requirement | B3: <Brief description about requirements which are tested in this sheet> | I3: Fail
A4: Tester
A5: Pass | B5: Fail | C5: Untested | D5: N/A | E5: Number of Test cases | I5: Untesed
A6: =COUNTIF(G9:G991,"Pass") -> 6 | B6: =COUNTIF(G9:G991,"Fail") -> 0 | C6: =E6-D6-B6-A6 -> 0 | D6: =COUNTIF(G$9:G$991,"N/A") -> 0 | E6: =ROWS(A9:A14) -> 6 | I6: N/A
A8: ID | B8: Test Case Description | C8: Pre condition | D8: Test Case Procedure | E8: Expected Output | F8: Test data | G8: Result | H8: Test data | I8: Description | J8: Environment | K8: Description
A9: TC_OSC_01 | B9: Verify layout on Windows | C9: Windows installed | D9: 1. Open Browser on Windows 2. Access website on Windows 3. Access website admin on Windows. | E9: Layout displayed correctly | F9: testdata08 | G9: Pass | H9: testdata | J9: OS: Windows
A10: TC_OSC_02 | B10: Verify layout on macOS | C10: macOS installed | D10: 1. Open Browser on Windows 2. Access website on Windows 3. Access website admin on Windows. | E10: Layout displayed correctly | F10: testdata09 | G10: Pass | H10: testdata | J10: OS: macOS
A11: TC_OSC_03 | B11: Verify login on Windows and macOS | C11: User exists | D11: 1. Open Browser on Windows/macOS. 2. Navigate to Login Page. 3. Enter valid Username & Password. 4. Click 'Login' button. | E11: Login successful | F11: testdata10 | G11: Pass | H11: testdata | J11: Windows, macOS
A12: TC_OSC_04 | B12: Verify add to cart on Windows and macOS | C12: User logged in | D12: 1. Open Browser on Windows/macOS. 2. Navigate to Login Page. 3. Enter valid Username & Password. 4. Click 'Login' button. 5. Adding food item from Menu page | E12: Item added successfully | F12: testdata11 | G12: Pass | H12: testdata | J12: Windows, macOS
A13: TC_OSC_05 | B13: Verify payment on Windows and macOS | C13: Cart has items | D13: 1. Open Browser on Windows/macOS. 2. Navigate to Login Page. 3. Enter valid Username & Password. 4. Click 'Login' button. 5. Adding food item from Menu page 6. Go to cart to checkout | E13: Payment successful | F13: testdata12 | G13: Pass | H13: testdata | J13: Windows, macOS
A14: TC_OSC_06 | B14: Verify UI consistency on Windows and macOS | C14: App accessible | D14: 1. Open Browser on Windows and macOS. 2. Access website and admin website 3. Compare UI elements | E14: UI consistent | F14: testdata13 | G14: Pass | H14: testdata | J14: Windows, macOS

Sheet testdata
A1: Module | B1: TestDataID | C1: Description | D1: Data Details | E1: Used Test Case
A2: Module 1 | B2: TestData01 | C2: Homepage layout test data | D2: URL: Application homepage; URL admin: | E2: TC_BC_01
B3: TestData02 | C3: Homepage layout test data | D3: URL: Application homepage; URL admin: | E3: TC_BC_02
B4: TestData03 | C4: Homepage layout test data | D4: URL: Application homepage; URL admin: | E4: TC_BC_03
B5: TestData04 | C5: Valid login credentials | D5: Username: user1@gmail.com; Password: 123123123 | E5: TC_BC_04
B6: TestData05 | C6: Add-to-cart product data | D6: Product: Burger; Detail: Ngon | E6: TC_BC_05
B7: TestData06 | C7: Payment data | D7: Credit Card: 4242 4242 4242; Exp: 12/27; CVV: 123; Name: Tinh | E7: TC_BC_06
B8: TestData07 | C8: UI reference data | D8: Font: Outfit; Icons: Material Icons | E8: TC_BC_07
A9: Module 2 | B9: TestData08 | C9: Windows layout test data | D9: OS: Windows 11; Resolution: 1920x1080 | E9: TC_OSC_01
B10: TestData09 | C10: macOS layout test data | D10: OS: macOS 26; Resolution: 1440x900 | E10: TC_OSC_02
B11: TestData10 | C11: Login data for OS compatibility | D11: Username: user1@gmail.com; Password: 123123123 | E11: TC_OSC_03
B12: TestData11 | C12: Add-to-cart data for OS compatibility | D12: Product: Pizza; Detail: ngon | E12: TC_OSC_04
B13: TestData12 | C13: Payment data for OS compatibility | D13: Visa; Amount: Valid order total | E13: TC_OSC_05
B14: TestData13 | C14: UI reference data for OS compatibility | D14: Font, color, icons consistent | E14: TC_OSC_06

Sheet Test Report
B1: TEST REPORT
B3: Project Name | C3: <Project Name> | E3: Creator
B4: Project Code | C4: <Project Code> | E4: Reviewer/Approver
B5: Document Code | C5: =C4&"_"&"Test Report"&"_"&"vx.x" -> <Project Code>_Test Report_vx.x | E5: Issue Date | H5: <Date when this test report is created>
B6: Notes | C6: <List modules included in this release> ex: Release 1 includes 2 modules: Module1 and Module2
B10: No | C10: Module code | D10: Pass | E10: Fail | F10: Untested | G10: N/A | H10: Number of test cases
B11: 1 | C11: =Module1!B2 -> Module1 | D11: =Module1!A6 -> 7 | E11: =Module1!B6 -> 0 | F11: =Module1!C6 -> 0 | G11: =Module1!D6 -> 0 | H11: =Module1!E6 -> 7
B12: 2 | C12: Module2 | D12: =Module2!A6 -> 6 | E12: =Module2!B6 -> 0 | F12: =Module2!C6 -> 0 | G12: =Module2!D6 -> 0 | H12: =Module2!E6 -> 6
C14: Sub total | D14: =SUM(D9:D13) -> 13 | E14: =SUM(E9:E13) -> 0 | F14: =SUM(F9:F13) -> 0 | G14: =SUM(G9:G13) -> 0 | H14: =SUM(H9:H13) -> 13
C16: Test coverage | E16: =(D14+E14)*100/(H14-G14) -> 100 | F16: %
C17: Test successful coverage | E17: =D14*100/(H14-G14) -> 100 | F17: %
