Workbook
Name ACTION: #REF!

Sheet Cover
C2: TEST CASE
B4: Project Name | C4: <Project Name> | F4: Creator
B5: Project Code | C5: <Project Code> | F5: Reviewer/Approver
B6: Document Code | C6: =C5&"_"&"XXX"&"_"&"vx.x" -> <Project Code>_XXX_vx.x | F6: Issue Date
F7: Version
B10: Record of change
B11: Effective Date | C11: Version | D11: Change Item | E11: *A,D,M | F11: Change description | G11: Reference
B12: <Date when these changes are effective> | G12: <List of documents which are referred in this version.>

Sheet Test case List
D1: TEST CASE LIST
B3: Project Name | D3: =Cover!C4 -> <Project Name>
B4: Project Code | D4: =Cover!C5 -> <Project Code>
B5: Test Environment Setup Description | D5: <List enviroment requires in this system 1. Server 2. Database 3. Web Browser ... >
B8: No | C8: Testcase Name | D8: Sheet Name | E8: Description | F8: Pre-Condition
B9: 1 | C9: User Authentication | D9: Module1
B10: 2 | C10: Menu Exploration And Selection | D10: Module2
B11: 3 | C11: Cart Management | D11: Module3
B12: 4 | C12: Checkout And Order Placement | D12: Module4

Sheet Module1
A2: Module Code | B2: Module1 | H2: Pass
A3: Test requirement | B3: <Brief description about requirements which are tested in this sheet> | H3: Fail
A4: Tester
A5: Pass | B5: Fail | C5: Untested | D5: N/A | E5: Number of Test cases | H5: Untesed
A6: =COUNTIF(G9:G991,"Pass") -> 4 | B6: =COUNTIF(G9:G991,"Fail") -> 0 | C6: =E6-D6-B6-A6 -> 0 | D6: =COUNTIF(G$9:G$991,"N/A") -> 0 | E6: 4 | H6: N/A
A8: ID | B8: Test Case Description | C8: Pre-condition | D8: Test Case Procedure | E8: Expected Output | F8: Test data | G8: Result | H8: Test data | I8: Description
A9: TC-01 | B9: Sign Up | C9: 1. Browser is opened and URL is accessible. 2. The email address used for registration does not exist in the system. | D9: 1. Open the website. 2. Click the Sign In button. 3. Select Create a new account. 4. Enter valid name, email, password. 5. Click Create account. | E9: User is registered and redirected to homepage without errors. | F9: TD1 | G9: Pass | H9: TestData
A10: TC-02 | B10: Sign Up | C10: A registered account already exists in the database (e.g., existing_user@mail.com) | D10: 1. Open Sign In popup. 2. Switch to Sign Up. 3. Enter existing email. 4. Enter valid name and password. 5. Click Create account. | E10: Clear error message Email already exists is displayed. | F10: TD2 | G10: Pass | H10: TestData
A11: TC-03 | B11: Login | D11: 1. Click Sign In. 2. Enter valid email and password. 3. Click Login. | E11: User logs in successfully and profile icon replaces Sign In. | F11: TD3 | G11: Pass | H11: TestData
A12: TC-04 | B12: Login | D12: 1. Click Sign In. 2. Enter invalid email or password. 3. Click Login. | E12: Invalid credentials message is shown and user remains on login screen. | F12: TD4 | G12: Pass | H12: TestData

Sheet Module2
A2: Module Code | B2: Module2 | H2: Pass
A3: Test requirement | B3: <Brief description about requirements which are tested in this sheet> | H3: Fail
A4: Tester
A5: Pass | B5: Fail | C5: Untested | D5: N/A | E5: Number of Test cases | H5: Untesed
A6: =COUNTIF(G9:G991,"Pass") -> 4 | B6: =COUNTIF(G9:G991,"Fail") -> 0 | C6: =E6-D6-B6-A6 -> 0 | D6: =COUNTIF(G$9:G$991,"N/A") -> 0 | E6: 4 | H6: N/A
A8: ID | B8: Test Case Description | C8: Pre-condition | D8: Test Case Procedure | E8: Expected Output | F8: Test data | G8: Result | H8: Test data | I8: Description
A9: TC-05 | B9: Explore Menu | D9: 1. Open the website. 2. Click the Sign In button. 3. Select Create a new account. 4. Enter valid name, email, password. 5. Click Create account. | E9: User is registered and redirected to homepage without errors. | G9: Pass | H9: TestData
A10: TC-06 | B10: Explore Menu | D10: 1. Open Sign In popup. 2. Switch to Sign Up. 3. Enter existing email. 4. Enter valid name and password. 5. Click Create account. | E10: Clear error message Email already exists is displayed. | G10: Pass | H10: TestData
A11: TC-07 | B11: Add to Cart | D11: 1. Click Sign In. 2. Enter valid email and password. 3. Click Login. | E11: User logs in successfully and profile icon replaces Sign In. | G11: Pass | H11: TestData
A12: TC-08 | B12: Quantity Adjust | D12: 1. Click Sign In. 2. Enter invalid email or password. 3. Click Login. | E12: Invalid credentials message is shown and user remains on login screen. | G12: Pass | H12: TestData

Sheet Module3
A1: Module Code | B1: Module3 | H1: Pass
A2: Test requirement | B2: <Brief description about requirements which are tested in this sheet> | H2: Fail
A3: Tester
A4: Pass | B4: Fail | C4: Untested | D4: N/A | E4: Number of Test cases | H4: Untesed
A5: =COUNTIF(G7:G981,"Pass") -> 2 | B5: =COUNTIF(G7:G981,"Fail") -> 0 | C5: =E5-D5-B5-A5 -> 0 | D5: =COUNTIF(G$7:G$981,"N/A") -> 0 | E5: 2 | H5: N/A
A7: ID | B7: Test Case Description | C7: Pre-condition | D7: Test Case Procedure | E7: Expected Output | F7: Test data | G7: Result | H7: Test data | I7: Description
A8: TC-09 | B8: View Cart | D8: 1. Add items to cart. 2. Click cart icon. | E8: Cart shows correct items, quantities, prices, and total. | G8: Pass | H8: TestData
A9: TC-10 | B9: Proceed | D9: 1. Click Proceed to Checkout. | E9: User navigates to Place Order page. | G9: Pass | H9: TestData

Sheet Module4
A1: Module Code | B1: Module3
A2: Test requirement | B2: <Brief description about requirements which are tested in this sheet>
A3: Tester
A4: Pass | B4: Fail | C4: Untested | D4: N/A | E4: Number of Test cases
A5: =COUNTIF(G:G,"Pass") -> 3 | B5: =COUNTIF(G:G,"Fail") -> 0 | C5: =E5-D5-B5-A5 -> 0 | D5: =COUNTIF(G:G,"N/A") -> 0 | E5: 3
A7: ID | B7: Test Case Description | C7: Pre-condition | D7: Test Case Procedure | E7: Expected Output | F7: Test data | G7: Result | H7: Test data | I7: Description
A8: TC-11 | B8: Delivery Info | D8: 1. Leave a required field empty. 2. Attempt to proceed. | E8: System highlights missing field and blocks submission. | G8: Pass | H8: TestData
A9: TC-12 | B9: Place Order | D9: 1. Fill all delivery fields. 2. Click Proceed to Payment. | E9: Order placed and confirmation page displayed. | G9: Pass | H9: TestData
A10: TC-13 | B10: My Orders | D10: 1. Go to My Orders after ordering. | E10: New order appears with correct status. | G10: Pass | H10: TestData

Sheet TestData

Sheet Test Report
B1: TEST REPORT
B3: Project Name | C3: <Project Name> | E3: Creator
B4: Project Code | C4: <Project Code> | E4: Reviewer/Approver
B5: Document Code | C5: =C4&"_"&"Test Report"&"_"&"vx.x" -> <Project Code>_Test Report_vx.x | E5: Issue Date | H5: <Date when this test report is created>
B6: Notes | C6: <List modules included in this release> ex: Release 1 includes 2 modules: Module1 and Module2
B10: No | C10: Module code | D10: Pass | E10: Fail | F10: Untested | G10: N/A | H10: Number of test cases
B11: 1 | C11: =Module1!B2 -> Module1 | D11: =Module1!A6 -> 4 | E11: =Module1!B6 -> 0 | F11: =Module1!C6 -> 0 | G11: =Module1!D6 -> 0 | H11: =Module1!E6 -> 4
B12: 2 | C12: =Module2!B2 -> Module2 | D12: =Module2!A6 -> 4 | E12: =Module2!B6 -> 0 | F12: =Module2!C6 -> 0 | G12: =Module2!D6 -> 0 | H12: =Module2!E6 -> 4
B13: 3 | C13: Module3 | D13: =Module3!A5 -> 2 | E13: =Module3!B5 -> 0 | F13: =Module3!C5 -> 0 | G13: =Module3!D5 -> 0 | H13: =Module3!E5 -> 2
B14: 4 | C14: Module4 | D14: =Module4!A5 -> 3 | E14: =Module4!B5 -> 0 | F14: =Module4!C5 -> 0 | G14: =Module4!D5 -> 0 | H14: =Module4!E5 -> 3
C15: Sub total | D15: =SUM(D9:D14) -> 13 | E15: =SUM(E9:E14) -> 0 | F15: =SUM(F9:F14) -> 0 | G15: =SUM(G9:G14) -> 0 | H15: =SUM(H9:H14) -> 13
C17: Test coverage | E17: =(D15+E15)*100/(H15-G15) -> 100 | F17: %
C18: Test successful coverage | E18: =D15*100/(H15-G15) -> 100 | F18: %
